{"cameraMode":{"drawMode":0,"name":"Shaded","section":"Shading Mode"},"sceneLighting":false,"audioPlay":false,"sceneViewState":{"m_AlwaysRefresh":true,"showFog":true,"showSkybox":false,"showFlares":true,"showImageEffects":true,"showParticleSystems":true,"showVisualEffectGraphs":true,"m_FxEnabled":true},"in2DMode":false,"pivot":{"x":1.8799999952316285,"y":1.5780000686645508,"z":6.900000095367432},"rotation":{"x":-0.0015813716454431415,"y":0.9680988192558289,"z":-0.0061081224121153358,"w":-0.250497967004776},"size":0.8660253882408142,"orthographic":false}