{"cameraMode":{"drawMode":0,"name":"Shaded","section":"Shading Mode"},"sceneLighting":true,"audioPlay":false,"sceneViewState":{"m_AlwaysRefresh":true,"showFog":true,"showSkybox":true,"showFlares":true,"showImageEffects":true,"showParticleSystems":true,"showVisualEffectGraphs":true,"m_FxEnabled":true},"in2DMode":false,"pivot":{"x":2.0256528854370119,"y":3.262570381164551,"z":0.9191327095031738},"rotation":{"x":-0.0015813716454431415,"y":0.9680988192558289,"z":-0.0061081224121153358,"w":-0.250497967004776},"size":0.11012867093086243,"orthographic":false}